      blandit@quam.com,  1-633-389-7173,  Sat Feb 11 2017 13:31:16 GMT+0700 (SE Asia Standard Time),
      undefined, undefined, Sat Feb 11 2017 15:20:48 GMT+0700 (SE Asia Standard Time)
2,  McKenzie,  Burris,
      , undefined, Sat Feb 11 2017 15:20:48 GMT+0700 (SE Asia Standard Time)
      mauris.Morbi.non@nequeNullam.com,  1-906-235-0832,  Sat Feb 11 2017 13:31:16 GMT+0700 (SE Asia Standard Time),
      undefined, undefined, Sat Feb 11 2017 15:20:48 GMT+0700 (SE Asia Standard Time)
3,  Amethyst,  Morgan,
      , undefined, Sat Feb 11 2017 15:20:48 GMT+0700 (SE Asia Standard Time)
      dui@magnis.ca,  1-548-366-6273,  Sat Feb 11 2017 13:31:16 GMT+0700 (SE Asia Standard Time),
      undefined, undefined, Sat Feb 11 2017 15:20:48 GMT+0700 (SE Asia Standard Time)
4,  Lamar,  Hardin,
      , undefined, Sat Feb 11 2017 15:20:48 GMT+0700 (SE Asia Standard Time)
      pharetra.felis.eget@mattisInteger.com,  1-519-693-8091,  Sat Feb 11 2017 13:31:16 GMT+0700 (SE Asia Standard Time),
      undefined, undefined, Sat Feb 11 2017 15:20:48 GMT+0700 (SE Asia Standard Time)
5,  Keegan,  Coleman,
      , undefined, Sat Feb 11 2017 15:20:48 GMT+0700 (SE Asia Standard Time)
      leo.Cras.vehicula@musProinvel.edu,  1-998-626-8896,  Sat Feb 11 2017 13:31:16 GMT+0700 (SE Asia Standard Time),
      undefined, undefined, Sat Feb 11 2017 15:20:48 GMT+0700 (SE Asia Standard Time)
6,  Marshall,  Griffith,
      , undefined, Sat Feb 11 2017 15:20:48 GMT+0700 (SE Asia Standard Time)
      egestas.Aliquam@Proinvelnisl.edu,  1-554-353-5053,  Sat Feb 11 2017 13:31:16 GMT+0700 (SE Asia Standard Time),
      undefined, undefined, Sat Feb 11 2017 15:20:48 GMT+0700 (SE Asia Standard Time)
7,  Jonah,  Deleon,
      , undefined, Sat Feb 11 2017 15:20:48 GMT+0700 (SE Asia Standard Time)
      Donec.tincidunt.Donec@dolor.org,  1-782-671-2356,  Sat Feb 11 2017 13:31:16 GMT+0700 (SE Asia Standard Time),
      undefined, undefined, Sat Feb 11 2017 15:20:48 GMT+0700 (SE Asia Standard Time)
8,  Jackson,  Howell,
      , undefined, Sat Feb 11 2017 15:20:48 GMT+0700 (SE Asia Standard Time)
      eleifend@Nuncullamcorpervelit.ca,  1-323-738-0807,  Sat Feb 11 2017 13:31:16 GMT+0700 (SE Asia Standard Time),
      undefined, undefined, Sat Feb 11 2017 15:20:48 GMT+0700 (SE Asia Standard Time)
9,  Kieran,  Edwards,
      , undefined, Sat Feb 11 2017 15:20:48 GMT+0700 (SE Asia Standard Time)
      a.enim@perinceptoshymenaeos.com,  1-695-830-5757,  Sat Feb 11 2017 13:31:16 GMT+0700 (SE Asia Standard Time),
      undefined, undefined, Sat Feb 11 2017 15:20:48 GMT+0700 (SE Asia Standard Time)
10,  Fiona,  Howard,
      , undefined, Sat Feb 11 2017 15:20:48 GMT+0700 (SE Asia Standard Time)
      ut.quam@loremfringillaornare.org,  1-494-585-2386,  Sat Feb 11 2017 13:31:16 GMT+0700 (SE Asia Standard Time),
      undefined, undefined, Sat Feb 11 2017 15:20:48 GMT+0700 (SE Asia Standard Time)
11,  Jorden,  Ruiz,
      , undefined, Sat Feb 11 2017 15:20:48 GMT+0700 (SE Asia Standard Time)
      iaculis.lacus.pede@temporerat.com,  1-314-890-5249,  Sat Feb 11 2017 13:31:16 GMT+0700 (SE Asia Standard Time),
      undefined, undefined, Sat Feb 11 2017 15:20:48 GMT+0700 (SE Asia Standard Time)
12,  Kendall,  Burt,
      , undefined, Sat Feb 11 2017 15:20:48 GMT+0700 (SE Asia Standard Time)
      eu.eros@eutellus.org,  1-141-379-8276,  Sat Feb 11 2017 13:31:16 GMT+0700 (SE Asia Standard Time),
      undefined, undefined, Sat Feb 11 2017 15:20:48 GMT+0700 (SE Asia Standard Time)
13,  Blossom,  Cantrell,
      , undefined, Sat Feb 11 2017 15:20:48 GMT+0700 (SE Asia Standard Time)
      Suspendisse.aliquet@estarcu.ca,  1-369-893-7454,  Sat Feb 11 2017 13:31:16 GMT+0700 (SE Asia Standard Time),
      undefined, undefined, Sat Feb 11 2017 15:20:48 GMT+0700 (SE Asia Standard Time)
14,  Latifah,  Barron,
      , undefined, Sat Feb 11 2017 15:20:48 GMT+0700 (SE Asia Standard Time)
      est@mauris.edu,  1-321-158-7603,  Sat Feb 11 2017 13:31:16 GMT+0700 (SE Asia Standard Time),
      undefined, undefined, Sat Feb 11 2017 15:20:48 GMT+0700 (SE Asia Standard Time)
15,  Brenna,  Horton,
      , undefined, Sat Feb 11 2017 15:20:48 GMT+0700 (SE Asia Standard Time)
      morbi@AliquamnislNulla.edu,  1-564-409-7698,  Sat Feb 11 2017 13:31:16 GMT+0700 (SE Asia Standard Time),
      undefined, undefined, Sat Feb 11 2017 15:20:48 GMT+0700 (SE Asia Standard Time)
16,  Ray,  Alexander,
      , undefined, Sat Feb 11 2017 15:20:48 GMT+0700 (SE Asia Standard Time)
      ac@Duis.edu,  1-400-270-5855,  Sat Feb 11 2017 13:31:16 GMT+0700 (SE Asia Standard Time),
      undefined, undefined, Sat Feb 11 2017 15:20:48 GMT+0700 (SE Asia Standard Time)
17,  Tyler,  Daniels,
      , undefined, Sat Feb 11 2017 15:20:48 GMT+0700 (SE Asia Standard Time)
      ac@morbitristiquesenectus.com,  1-192-852-6320,  Sat Feb 11 2017 13:31:16 GMT+0700 (SE Asia Standard Time),
      undefined, undefined, Sat Feb 11 2017 15:20:48 GMT+0700 (SE Asia Standard Time)
18,  Hanae,  Kelly,
      , undefined, Sat Feb 11 2017 15:20:48 GMT+0700 (SE Asia Standard Time)
      Mauris.magna@loremfringillaornare.org,  1-136-621-1133,  Sat Feb 11 2017 13:31:16 GMT+0700 (SE Asia Standard Time),
      undefined, undefined, Sat Feb 11 2017 15:20:48 GMT+0700 (SE Asia Standard Time)
19,  Barrett,  Chan,
      , undefined, Sat Feb 11 2017 15:20:48 GMT+0700 (SE Asia Standard Time)
      sed@mollis.org,  1-268-800-8354,  Sat Feb 11 2017 13:31:16 GMT+0700 (SE Asia Standard Time),
      undefined, undefined, Sat Feb 11 2017 15:20:48 GMT+0700 (SE Asia Standard Time)
20,  Wylie,  Holden,
      , undefined, Sat Feb 11 2017 15:20:48 GMT+0700 (SE Asia Standard Time)
      et@nibhsit.com,  1-174-288-4996,  Sat Feb 11 2017 13:31:16 GMT+0700 (SE Asia Standard Time),
      undefined, undefined, Sat Feb 11 2017 15:20:48 GMT+0700 (SE Asia Standard Time)
21,  Hedda,  Downs,
      , undefined, Sat Feb 11 2017 15:20:48 GMT+0700 (SE Asia Standard Time)
      pede.Nunc.sed@Sedauctor.ca,  1-349-185-4895,  Sat Feb 11 2017 13:31:16 GMT+0700 (SE Asia Standard Time),
      undefined, undefined, Sat Feb 11 2017 15:20:48 GMT+0700 (SE Asia Standard Time)
22,  Hope,  Hooper,
      , undefined, Sat Feb 11 2017 15:20:48 GMT+0700 (SE Asia Standard Time)
      viverra@tristiquealiquet.edu,  1-669-268-8015,  Sat Feb 11 2017 13:31:16 GMT+0700 (SE Asia Standard Time),
      undefined, undefined, Sat Feb 11 2017 15:20:48 GMT+0700 (SE Asia Standard Time)
23,  Avram,  Lloyd,
      , undefined, Sat Feb 11 2017 15:20:48 GMT+0700 (SE Asia Standard Time)
      Lorem@blanditatnisi.ca,  1-834-324-8689,  Sat Feb 11 2017 13:31:16 GMT+0700 (SE Asia Standard Time),
      undefined, undefined, Sat Feb 11 2017 15:20:48 GMT+0700 (SE Asia Standard Time)
24,  Emerald,  Graham,
      , undefined, Sat Feb 11 2017 15:20:48 GMT+0700 (SE Asia Standard Time)
      placerat.velit.Quisque@euismodurnaNullam.com,  1-191-903-4185,  Sat Feb 11 2017 13:31:16 GMT+0700 (SE Asia Standard Time),
      undefined, undefined, Sat Feb 11 2017 15:20:48 GMT+0700 (SE Asia Standard Time)
25,  Bert,  Mullen,
      , undefined, Sat Feb 11 2017 15:20:48 GMT+0700 (SE Asia Standard Time)
      mauris@velarcu.org,  1-869-728-6513,  Sat Feb 11 2017 13:31:16 GMT+0700 (SE Asia Standard Time),
      undefined, undefined, Sat Feb 11 2017 15:20:48 GMT+0700 (SE Asia Standard Time)
26,  Xerxes,  Cohen,
      , undefined, Sat Feb 11 2017 15:20:48 GMT+0700 (SE Asia Standard Time)
      quam.vel.sapien@orci.com,  1-268-787-2932,  Sat Feb 11 2017 13:31:16 GMT+0700 (SE Asia Standard Time),
      undefined, undefined, Sat Feb 11 2017 15:20:48 GMT+0700 (SE Asia Standard Time)
27,  Xaviera,  Simpson,
      , undefined, Sat Feb 11 2017 15:20:48 GMT+0700 (SE Asia Standard Time)
      Fusce.mi.lorem@ligulaAliquam.com,  1-463-925-2269,  Sat Feb 11 2017 13:31:16 GMT+0700 (SE Asia Standard Time),
      undefined, undefined, Sat Feb 11 2017 15:20:48 GMT+0700 (SE Asia Standard Time)
28,  Joy,  Wooten,
      , undefined, Sat Feb 11 2017 15:20:48 GMT+0700 (SE Asia Standard Time)
      mi.Aliquam@pede.ca,  1-814-208-3061,  Sat Feb 11 2017 13:31:16 GMT+0700 (SE Asia Standard Time),
      undefined, undefined, Sat Feb 11 2017 15:20:48 GMT+0700 (SE Asia Standard Time)
29,  Kane,  Good,
      , undefined, Sat Feb 11 2017 15:20:48 GMT+0700 (SE Asia Standard Time)
      euismod.in@vitaepurusgravida.com,  1-648-965-8144,  Sat Feb 11 2017 13:31:16 GMT+0700 (SE Asia Standard Time),
      undefined, undefined, Sat Feb 11 2017 15:20:48 GMT+0700 (SE Asia Standard Time)
30,  Blossom,  Odom,
      , undefined, Sat Feb 11 2017 15:20:48 GMT+0700 (SE Asia Standard Time)
      commodo.at.libero@consectetueripsum.com,  1-792-199-1426,  Sat Feb 11 2017 13:31:16 GMT+0700 (SE Asia Standard Time),
      undefined, undefined, Sat Feb 11 2017 15:20:48 GMT+0700 (SE Asia Standard Time)
31,  Ivy,  Wise,
      , undefined, Sat Feb 11 2017 15:20:48 GMT+0700 (SE Asia Standard Time)
      egestas.lacinia.Sed@consequatnec.org,  1-680-405-9126,  Sat Feb 11 2017 13:31:16 GMT+0700 (SE Asia Standard Time),
      undefined, undefined, Sat Feb 11 2017 15:20:48 GMT+0700 (SE Asia Standard Time)
32,  Allegra,  Rosales,
      , undefined, Sat Feb 11 2017 15:20:48 GMT+0700 (SE Asia Standard Time)
      elit.pellentesque@Nullamenim.org,  1-545-798-3482,  Sat Feb 11 2017 13:31:16 GMT+0700 (SE Asia Standard Time),
      undefined, undefined, Sat Feb 11 2017 15:20:48 GMT+0700 (SE Asia Standard Time)
33,  Candice,  Kent,
      , undefined, Sat Feb 11 2017 15:20:48 GMT+0700 (SE Asia Standard Time)
      neque.Morbi@risus.ca,  1-533-455-0536,  Sat Feb 11 2017 13:31:16 GMT+0700 (SE Asia Standard Time),
      undefined, undefined, Sat Feb 11 2017 15:20:48 GMT+0700 (SE Asia Standard Time)
34,  Yen,  Ryan,
      , undefined, Sat Feb 11 2017 15:20:48 GMT+0700 (SE Asia Standard Time)
      Cras@Nuncullamcorper.edu,  1-161-509-6241,  Sat Feb 11 2017 13:31:16 GMT+0700 (SE Asia Standard Time),
      undefined, undefined, Sat Feb 11 2017 15:20:48 GMT+0700 (SE Asia Standard Time)
35,  Vivian,  Larson,
      , undefined, Sat Feb 11 2017 15:20:48 GMT+0700 (SE Asia Standard Time)
      orci.Ut@et.edu,  1-445-598-1973,  Sat Feb 11 2017 13:31:16 GMT+0700 (SE Asia Standard Time),
      undefined, undefined, Sat Feb 11 2017 15:20:48 GMT+0700 (SE Asia Standard Time)
36,  Lawrence,  Beach,
      , undefined, Sat Feb 11 2017 15:20:48 GMT+0700 (SE Asia Standard Time)
      risus@rhoncus.ca,  1-678-303-4989,  Sat Feb 11 2017 13:31:16 GMT+0700 (SE Asia Standard Time),
      undefined, undefined, Sat Feb 11 2017 15:20:48 GMT+0700 (SE Asia Standard Time)
37,  Marvin,  Stuart,
      , undefined, Sat Feb 11 2017 15:20:48 GMT+0700 (SE Asia Standard Time)
      amet.ultricies.sem@vitae.edu,  1-721-818-2782,  Sat Feb 11 2017 13:31:16 GMT+0700 (SE Asia Standard Time),
      undefined, undefined, Sat Feb 11 2017 15:20:48 GMT+0700 (SE Asia Standard Time)
38,  Kimberley,  Alvarado,
      , undefined, Sat Feb 11 2017 15:20:48 GMT+0700 (SE Asia Standard Time)
      sed.dui.Fusce@Morbiquis.com,  1-877-365-2340,  Sat Feb 11 2017 13:31:16 GMT+0700 (SE Asia Standard Time),
      undefined, undefined, Sat Feb 11 2017 15:20:48 GMT+0700 (SE Asia Standard Time)
39,  Yardley,  Pruitt,
      , undefined, Sat Feb 11 2017 15:20:48 GMT+0700 (SE Asia Standard Time)
      eu@nullaante.com,  1-471-640-8907,  Sat Feb 11 2017 13:31:16 GMT+0700 (SE Asia Standard Time),
      undefined, undefined, Sat Feb 11 2017 15:20:48 GMT+0700 (SE Asia Standard Time)
40,  James,  Oneill,
      , undefined, Sat Feb 11 2017 15:20:48 GMT+0700 (SE Asia Standard Time)
      pede.Cras@eleifendnec.org,  1-881-215-2135,  Sat Feb 11 2017 13:31:16 GMT+0700 (SE Asia Standard Time),
      undefined, undefined, Sat Feb 11 2017 15:20:48 GMT+0700 (SE Asia Standard Time)
41,  Florence,  Ruiz,
      , undefined, Sat Feb 11 2017 15:20:48 GMT+0700 (SE Asia Standard Time)
      lorem@aliquet.ca,  1-729-520-3677,  Sat Feb 11 2017 13:31:16 GMT+0700 (SE Asia Standard Time),
      undefined, undefined, Sat Feb 11 2017 15:20:48 GMT+0700 (SE Asia Standard Time)
42,  Jerry,  Ellison,
      , undefined, Sat Feb 11 2017 15:20:48 GMT+0700 (SE Asia Standard Time)
      sit.amet.consectetuer@elit.edu,  1-396-500-9380,  Sat Feb 11 2017 13:31:16 GMT+0700 (SE Asia Standard Time),
      undefined, undefined, Sat Feb 11 2017 15:20:48 GMT+0700 (SE Asia Standard Time)
43,  Aphrodite,  Whitfield,
      , undefined, Sat Feb 11 2017 15:20:48 GMT+0700 (SE Asia Standard Time)
      enim.Curabitur.massa@elementumategestas.ca,  1-328-695-3383,  Sat Feb 11 2017 13:31:16 GMT+0700 (SE Asia Standard Time),
      undefined, undefined, Sat Feb 11 2017 15:20:48 GMT+0700 (SE Asia Standard Time)
44,  Hayes,  Weber,
      , undefined, Sat Feb 11 2017 15:20:48 GMT+0700 (SE Asia Standard Time)
      ac@tincidunt.edu,  1-711-759-7595,  Sat Feb 11 2017 13:31:16 GMT+0700 (SE Asia Standard Time),
      undefined, undefined, Sat Feb 11 2017 15:20:48 GMT+0700 (SE Asia Standard Time)
45,  Justine,  Mosley,
      , undefined, Sat Feb 11 2017 15:20:48 GMT+0700 (SE Asia Standard Time)
      nec.ligula@Pellentesquehabitantmorbi.edu,  1-577-815-1542,  Sat Feb 11 2017 13:31:16 GMT+0700 (SE Asia Standard Time),
      undefined, undefined, Sat Feb 11 2017 15:20:48 GMT+0700 (SE Asia Standard Time)
46,  Alfreda,  Peck,
      , undefined, Sat Feb 11 2017 15:20:48 GMT+0700 (SE Asia Standard Time)
      eu.elit@rutrumeu.com,  1-103-863-3199,  Sat Feb 11 2017 13:31:16 GMT+0700 (SE Asia Standard Time),
      undefined, undefined, Sat Feb 11 2017 15:20:48 GMT+0700 (SE Asia Standard Time)
47,  Jessamine,  Swanson,
      , undefined, Sat Feb 11 2017 15:20:48 GMT+0700 (SE Asia Standard Time)
      placerat.orci.lacus@malesuadaInteger.com,  1-279-324-6219,  Sat Feb 11 2017 13:31:16 GMT+0700 (SE Asia Standard Time),
      undefined, undefined, Sat Feb 11 2017 15:20:48 GMT+0700 (SE Asia Standard Time)
48,  Jemima,  Mack,
      , undefined, Sat Feb 11 2017 15:20:48 GMT+0700 (SE Asia Standard Time)
      Duis.volutpat@Cumsociis.com,  1-415-725-7745,  Sat Feb 11 2017 13:31:16 GMT+0700 (SE Asia Standard Time),
      undefined, undefined, Sat Feb 11 2017 15:20:48 GMT+0700 (SE Asia Standard Time)
49,  Isabella,  Santiago,
      , undefined, Sat Feb 11 2017 15:20:48 GMT+0700 (SE Asia Standard Time)
      erat@Duisami.ca,  1-302-923-9793,  Sat Feb 11 2017 13:31:16 GMT+0700 (SE Asia Standard Time),
      undefined, undefined, Sat Feb 11 2017 15:20:48 GMT+0700 (SE Asia Standard Time)
50,  Maia,  Mathews,
      , undefined, Sat Feb 11 2017 15:20:48 GMT+0700 (SE Asia Standard Time)
      vulputate.risus.a@scelerisquemollisPhasellus.com,  1-730-514-0531,  Sat Feb 11 2017 13:31:16 GMT+0700 (SE Asia Standard Time),
      undefined, undefined, Sat Feb 11 2017 15:20:48 GMT+0700 (SE Asia Standard Time)
51,  Hiram,  Freeman,
      , undefined, Sat Feb 11 2017 15:20:48 GMT+0700 (SE Asia Standard Time)
      ipsum.Phasellus.vitae@ullamcorpereu.com,  1-628-507-8637,  Sat Feb 11 2017 13:31:16 GMT+0700 (SE Asia Standard Time),
      undefined, undefined, Sat Feb 11 2017 15:20:48 GMT+0700 (SE Asia Standard Time)
52,  Kameko,  Garrison,
      , undefined, Sat Feb 11 2017 15:20:48 GMT+0700 (SE Asia Standard Time)
      Morbi.neque.tellus@molestie.edu,  1-625-688-7216,  Sat Feb 11 2017 13:31:16 GMT+0700 (SE Asia Standard Time),
      undefined, undefined, Sat Feb 11 2017 15:20:48 GMT+0700 (SE Asia Standard Time)
53,  Ivy,  Robinson,
      , undefined, Sat Feb 11 2017 15:20:48 GMT+0700 (SE Asia Standard Time)
      Phasellus.nulla@malesuadavel.org,  1-884-748-4013,  Sat Feb 11 2017 13:31:16 GMT+0700 (SE Asia Standard Time),
      undefined, undefined, Sat Feb 11 2017 15:20:48 GMT+0700 (SE Asia Standard Time)
54,  Zachery,  Diaz,
      , undefined, Sat Feb 11 2017 15:20:48 GMT+0700 (SE Asia Standard Time)
      adipiscing.elit@nullavulputatedui.org,  1-463-284-8324,  Sat Feb 11 2017 13:31:16 GMT+0700 (SE Asia Standard Time),
      undefined, undefined, Sat Feb 11 2017 15:20:48 GMT+0700 (SE Asia Standard Time)
55,  Charissa,  Mitchell,
      , undefined, Sat Feb 11 2017 15:20:48 GMT+0700 (SE Asia Standard Time)
      pede@utsem.com,  1-261-763-9654,  Sat Feb 11 2017 13:31:16 GMT+0700 (SE Asia Standard Time),
      undefined, undefined, Sat Feb 11 2017 15:20:48 GMT+0700 (SE Asia Standard Time)
56,  Montana,  Hardy,
      , undefined, Sat Feb 11 2017 15:20:48 GMT+0700 (SE Asia Standard Time)
      vel@pellentesquetellussem.org,  1-960-893-2196,  Sat Feb 11 2017 13:31:16 GMT+0700 (SE Asia Standard Time),
      undefined, undefined, Sat Feb 11 2017 15:20:48 GMT+0700 (SE Asia Standard Time)
57,  Alexander,  Henson,
      , undefined, Sat Feb 11 2017 15:20:48 GMT+0700 (SE Asia Standard Time)
      Nullam.nisl.Maecenas@aliquamenim.org,  1-319-384-6588,  Sat Feb 11 2017 13:31:16 GMT+0700 (SE Asia Standard Time),
      undefined, undefined, Sat Feb 11 2017 15:20:48 GMT+0700 (SE Asia Standard Time)
58,  Octavia,  Odom,
      , undefined, Sat Feb 11 2017 15:20:48 GMT+0700 (SE Asia Standard Time)
      per.inceptos@nonfeugiatnec.com,  1-526-745-3491,  Sat Feb 11 2017 13:31:16 GMT+0700 (SE Asia Standard Time),
      undefined, undefined, Sat Feb 11 2017 15:20:48 GMT+0700 (SE Asia Standard Time)
59,  Ruby,  Maddox,
      , undefined, Sat Feb 11 2017 15:20:48 GMT+0700 (SE Asia Standard Time)
      fringilla.est@mollisduiin.com,  1-167-716-6832,  Sat Feb 11 2017 13:31:16 GMT+0700 (SE Asia Standard Time),
      undefined, undefined, Sat Feb 11 2017 15:20:48 GMT+0700 (SE Asia Standard Time)
60,  Buckminster,  Woodward,
      , undefined, Sat Feb 11 2017 15:20:48 GMT+0700 (SE Asia Standard Time)
      Curabitur.ut@metusAliquam.edu,  1-325-675-7514,  Sat Feb 11 2017 13:31:16 GMT+0700 (SE Asia Standard Time),
      undefined, undefined, Sat Feb 11 2017 15:20:48 GMT+0700 (SE Asia Standard Time)
61,  Troy,  Vinson,
      , undefined, Sat Feb 11 2017 15:20:48 GMT+0700 (SE Asia Standard Time)
      eu@netus.ca,  1-796-489-6093,  Sat Feb 11 2017 13:31:16 GMT+0700 (SE Asia Standard Time),
      undefined, undefined, Sat Feb 11 2017 15:20:48 GMT+0700 (SE Asia Standard Time)
62,  Ivan,  Hernandez,
      , undefined, Sat Feb 11 2017 15:20:48 GMT+0700 (SE Asia Standard Time)
      dui@Craseutellus.edu,  1-316-167-5567,  Sat Feb 11 2017 13:31:16 GMT+0700 (SE Asia Standard Time),
      undefined, undefined, Sat Feb 11 2017 15:20:48 GMT+0700 (SE Asia Standard Time)
63,  Riley,  Nguyen,
      , undefined, Sat Feb 11 2017 15:20:48 GMT+0700 (SE Asia Standard Time)
      mollis.dui@sapiencursus.com,  1-843-542-8970,  Sat Feb 11 2017 13:31:16 GMT+0700 (SE Asia Standard Time),
      undefined, undefined, Sat Feb 11 2017 15:20:48 GMT+0700 (SE Asia Standard Time)
64,  Hermione,  Hahn,
      , undefined, Sat Feb 11 2017 15:20:48 GMT+0700 (SE Asia Standard Time)
      Aenean.egestas@nonantebibendum.edu,  1-728-385-0615,  Sat Feb 11 2017 13:31:16 GMT+0700 (SE Asia Standard Time),
      undefined, undefined, Sat Feb 11 2017 15:20:48 GMT+0700 (SE Asia Standard Time)
65,  Jerry,  Mcintosh,
      , undefined, Sat Feb 11 2017 15:20:48 GMT+0700 (SE Asia Standard Time)
      accumsan@dolortempus.com,  1-905-802-7462,  Sat Feb 11 2017 13:31:16 GMT+0700 (SE Asia Standard Time),
      undefined, undefined, Sat Feb 11 2017 15:20:48 GMT+0700 (SE Asia Standard Time)
66,  Tamekah,  Fox,
      , undefined, Sat Feb 11 2017 15:20:48 GMT+0700 (SE Asia Standard Time)
      amet.consectetuer.adipiscing@vitae.ca,  1-403-475-9211,  Sat Feb 11 2017 13:31:16 GMT+0700 (SE Asia Standard Time),
      undefined, undefined, Sat Feb 11 2017 15:20:48 GMT+0700 (SE Asia Standard Time)
67,  Benedict,  Lloyd,
      , undefined, Sat Feb 11 2017 15:20:48 GMT+0700 (SE Asia Standard Time)
      Vivamus.euismod.urna@nibhPhasellus.ca,  1-381-127-3111,  Sat Feb 11 2017 13:31:16 GMT+0700 (SE Asia Standard Time),
      undefined, undefined, Sat Feb 11 2017 15:20:48 GMT+0700 (SE Asia Standard Time)
68,  Chaim,  Cherry,
      , undefined, Sat Feb 11 2017 15:20:48 GMT+0700 (SE Asia Standard Time)
      Etiam@Maecenasiaculis.com,  1-808-829-9357,  Sat Feb 11 2017 13:31:16 GMT+0700 (SE Asia Standard Time),
      undefined, undefined, Sat Feb 11 2017 15:20:48 GMT+0700 (SE Asia Standard Time)
69,  Paloma,  Avila,
      , undefined, Sat Feb 11 2017 15:20:48 GMT+0700 (SE Asia Standard Time)
      dis.parturient@molestie.ca,  1-486-797-8181,  Sat Feb 11 2017 13:31:16 GMT+0700 (SE Asia Standard Time),
      undefined, undefined, Sat Feb 11 2017 15:20:48 GMT+0700 (SE Asia Standard Time)
70,  Cheryl,  Hayes,
      , undefined, Sat Feb 11 2017 15:20:48 GMT+0700 (SE Asia Standard Time)
      et.ipsum@id.com,  1-294-239-8095,  Sat Feb 11 2017 13:31:16 GMT+0700 (SE Asia Standard Time),
      undefined, undefined, Sat Feb 11 2017 15:20:48 GMT+0700 (SE Asia Standard Time)
71,  Nash,  Flynn,
      , undefined, Sat Feb 11 2017 15:20:48 GMT+0700 (SE Asia Standard Time)
      lorem@facilisisSuspendisse.edu,  1-488-207-3219,  Sat Feb 11 2017 13:31:16 GMT+0700 (SE Asia Standard Time),
      undefined, undefined, Sat Feb 11 2017 15:20:48 GMT+0700 (SE Asia Standard Time)
72,  Rebecca,  Harris,
      , undefined, Sat Feb 11 2017 15:20:48 GMT+0700 (SE Asia Standard Time)
      Curae;.Phasellus@urnanec.org,  1-676-586-0591,  Sat Feb 11 2017 13:31:16 GMT+0700 (SE Asia Standard Time),
      undefined, undefined, Sat Feb 11 2017 15:20:48 GMT+0700 (SE Asia Standard Time)
73,  Althea,  Mcintyre,
      , undefined, Sat Feb 11 2017 15:20:48 GMT+0700 (SE Asia Standard Time)
      sem.vitae.aliquam@temporeratneque.ca,  1-286-518-4810,  Sat Feb 11 2017 13:31:16 GMT+0700 (SE Asia Standard Time),
      undefined, undefined, Sat Feb 11 2017 15:20:48 GMT+0700 (SE Asia Standard Time)
74,  Brock,  Paul,
      , undefined, Sat Feb 11 2017 15:20:48 GMT+0700 (SE Asia Standard Time)
      mattis.Integer@aliquetdiam.com,  1-820-970-9769,  Sat Feb 11 2017 13:31:16 GMT+0700 (SE Asia Standard Time),
      undefined, undefined, Sat Feb 11 2017 15:20:48 GMT+0700 (SE Asia Standard Time)
75,  Vanna,  Maddox,
      , undefined, Sat Feb 11 2017 15:20:48 GMT+0700 (SE Asia Standard Time)
      nunc.id.enim@eunequepellentesque.org,  1-373-765-8833,  Sat Feb 11 2017 13:31:16 GMT+0700 (SE Asia Standard Time),
      undefined, undefined, Sat Feb 11 2017 15:20:48 GMT+0700 (SE Asia Standard Time)
76,  Maia,  Morrison,
      , undefined, Sat Feb 11 2017 15:20:48 GMT+0700 (SE Asia Standard Time)
      egestas.Fusce.aliquet@quispede.edu,  1-461-447-3331,  Sat Feb 11 2017 13:31:16 GMT+0700 (SE Asia Standard Time),
      undefined, undefined, Sat Feb 11 2017 15:20:48 GMT+0700 (SE Asia Standard Time)
77,  Evan,  Barnes,
      , undefined, Sat Feb 11 2017 15:20:48 GMT+0700 (SE Asia Standard Time)
      erat.in.consectetuer@Donec.com,  1-138-812-2889,  Sat Feb 11 2017 13:31:16 GMT+0700 (SE Asia Standard Time),
      undefined, undefined, Sat Feb 11 2017 15:20:48 GMT+0700 (SE Asia Standard Time)
78,  Sylvia,  Gomez,
      , undefined, Sat Feb 11 2017 15:20:48 GMT+0700 (SE Asia Standard Time)
      vehicula.risus.Nulla@velfaucibusid.edu,  1-209-542-6835,  Sat Feb 11 2017 13:31:16 GMT+0700 (SE Asia Standard Time),
      undefined, undefined, Sat Feb 11 2017 15:20:48 GMT+0700 (SE Asia Standard Time)
79,  Noble,  Mills,
      , undefined, Sat Feb 11 2017 15:20:48 GMT+0700 (SE Asia Standard Time)
      Quisque@NullamenimSed.ca,  1-571-859-7437,  Sat Feb 11 2017 13:31:16 GMT+0700 (SE Asia Standard Time),
      undefined, undefined, Sat Feb 11 2017 15:20:48 GMT+0700 (SE Asia Standard Time)
80,  Jaime,  Bell,
      , undefined, Sat Feb 11 2017 15:20:48 GMT+0700 (SE Asia Standard Time)
      mus.Aenean@Curabitur.org,  1-699-372-8480,  Sat Feb 11 2017 13:31:16 GMT+0700 (SE Asia Standard Time),
      undefined, undefined, Sat Feb 11 2017 15:20:48 GMT+0700 (SE Asia Standard Time)
81,  Jarrod,  Lopez,
      , undefined, Sat Feb 11 2017 15:20:48 GMT+0700 (SE Asia Standard Time)
      egestas.ligula@egestas.org,  1-884-627-3686,  Sat Feb 11 2017 13:31:16 GMT+0700 (SE Asia Standard Time),
      undefined, undefined, Sat Feb 11 2017 15:20:48 GMT+0700 (SE Asia Standard Time)
82,  George,  Ball,
      , undefined, Sat Feb 11 2017 15:20:48 GMT+0700 (SE Asia Standard Time)
      a@etnetuset.ca,  1-181-829-8754,  Sat Feb 11 2017 13:31:16 GMT+0700 (SE Asia Standard Time),
      undefined, undefined, Sat Feb 11 2017 15:20:48 GMT+0700 (SE Asia Standard Time)
83,  Bevis,  Mckenzie,
      , undefined, Sat Feb 11 2017 15:20:48 GMT+0700 (SE Asia Standard Time)
      justo.sit.amet@parturientmontes.edu,  1-178-547-1872,  Sat Feb 11 2017 13:31:16 GMT+0700 (SE Asia Standard Time),
      undefined, undefined, Sat Feb 11 2017 15:20:48 GMT+0700 (SE Asia Standard Time)
84,  Quintessa,  Howell,
      , undefined, Sat Feb 11 2017 15:20:48 GMT+0700 (SE Asia Standard Time)
      eu.dui@ipsumleo.ca,  1-347-212-6283,  Sat Feb 11 2017 13:31:16 GMT+0700 (SE Asia Standard Time),
      undefined, undefined, Sat Feb 11 2017 15:20:48 GMT+0700 (SE Asia Standard Time)
85,  September,  Fulton,
      , undefined, Sat Feb 11 2017 15:20:48 GMT+0700 (SE Asia Standard Time)
      sem.ut.dolor@leoin.ca,  1-805-182-3676,  Sat Feb 11 2017 13:31:16 GMT+0700 (SE Asia Standard Time),
      undefined, undefined, Sat Feb 11 2017 15:20:48 GMT+0700 (SE Asia Standard Time)
86,  Edan,  Clements,
      , undefined, Sat Feb 11 2017 15:20:48 GMT+0700 (SE Asia Standard Time)
      erat.semper.rutrum@pedenonummy.ca,  1-730-358-6414,  Sat Feb 11 2017 13:31:16 GMT+0700 (SE Asia Standard Time),
      undefined, undefined, Sat Feb 11 2017 15:20:48 GMT+0700 (SE Asia Standard Time)
87,  Francis,  Medina,
      , undefined, Sat Feb 11 2017 15:20:48 GMT+0700 (SE Asia Standard Time)
      Nam@neccursus.org,  1-508-865-4972,  Sat Feb 11 2017 13:31:16 GMT+0700 (SE Asia Standard Time),
      undefined, undefined, Sat Feb 11 2017 15:20:48 GMT+0700 (SE Asia Standard Time)
88,  Yetta,  Faulkner,
      , undefined, Sat Feb 11 2017 15:20:48 GMT+0700 (SE Asia Standard Time)
      egestas.lacinia@semPellentesqueut.ca,  1-336-978-3144,  Sat Feb 11 2017 13:31:16 GMT+0700 (SE Asia Standard Time),
      undefined, undefined, Sat Feb 11 2017 15:20:48 GMT+0700 (SE Asia Standard Time)
89,  Davis,  Vega,
      , undefined, Sat Feb 11 2017 15:20:48 GMT+0700 (SE Asia Standard Time)
      commodo.tincidunt@dolortempus.ca,  1-323-721-0245,  Sat Feb 11 2017 13:31:16 GMT+0700 (SE Asia Standard Time),
      undefined, undefined, Sat Feb 11 2017 15:20:48 GMT+0700 (SE Asia Standard Time)
90,  Wing,  Hatfield,
      , undefined, Sat Feb 11 2017 15:20:48 GMT+0700 (SE Asia Standard Time)
      tincidunt.congue@turpisIncondimentum.com,  1-651-165-4851,  Sat Feb 11 2017 13:31:16 GMT+0700 (SE Asia Standard Time),
      undefined, undefined, Sat Feb 11 2017 15:20:48 GMT+0700 (SE Asia Standard Time)
91,  Quon,  Wilcox,
      , undefined, Sat Feb 11 2017 15:20:48 GMT+0700 (SE Asia Standard Time)
      dictum.ultricies.ligula@quam.ca,  1-920-144-5488,  Sat Feb 11 2017 13:31:16 GMT+0700 (SE Asia Standard Time),
      undefined, undefined, Sat Feb 11 2017 15:20:48 GMT+0700 (SE Asia Standard Time)
92,  Carson,  Lynch,
      , undefined, Sat Feb 11 2017 15:20:48 GMT+0700 (SE Asia Standard Time)
      Cum.sociis@magna.org,  1-272-668-7475,  Sat Feb 11 2017 13:31:16 GMT+0700 (SE Asia Standard Time),
      undefined, undefined, Sat Feb 11 2017 15:20:48 GMT+0700 (SE Asia Standard Time)
93,  Xaviera,  Anderson,
      , undefined, Sat Feb 11 2017 15:20:48 GMT+0700 (SE Asia Standard Time)
      amet.metus@eu.ca,  1-133-672-4970,  Sat Feb 11 2017 13:31:16 GMT+0700 (SE Asia Standard Time),
      undefined, undefined, Sat Feb 11 2017 15:20:48 GMT+0700 (SE Asia Standard Time)
94,  Ivor,  Weber,
      , undefined, Sat Feb 11 2017 15:20:48 GMT+0700 (SE Asia Standard Time)
      Nam@vulputate.com,  1-852-509-0906,  Sat Feb 11 2017 13:31:16 GMT+0700 (SE Asia Standard Time),
      undefined, undefined, Sat Feb 11 2017 15:20:48 GMT+0700 (SE Asia Standard Time)
95,  Stella,  Armstrong,
      , undefined, Sat Feb 11 2017 15:20:48 GMT+0700 (SE Asia Standard Time)
      adipiscing.elit@dictum.edu,  1-654-142-1913,  Sat Feb 11 2017 13:31:16 GMT+0700 (SE Asia Standard Time),
      undefined, undefined, Sat Feb 11 2017 15:20:48 GMT+0700 (SE Asia Standard Time)
96,  Ann,  Farrell,
      , undefined, Sat Feb 11 2017 15:20:48 GMT+0700 (SE Asia Standard Time)
      scelerisque@turpis.org,  1-686-786-3777,  Sat Feb 11 2017 13:31:16 GMT+0700 (SE Asia Standard Time),
      undefined, undefined, Sat Feb 11 2017 15:20:48 GMT+0700 (SE Asia Standard Time)
97,  Kennedy,  Rich,
      , undefined, Sat Feb 11 2017 15:20:48 GMT+0700 (SE Asia Standard Time)
      euismod.est@iaculisodio.edu,  1-553-644-9572,  Sat Feb 11 2017 13:31:16 GMT+0700 (SE Asia Standard Time),
      undefined, undefined, Sat Feb 11 2017 15:20:48 GMT+0700 (SE Asia Standard Time)
98,  Adria,  Santiago,
      , undefined, Sat Feb 11 2017 15:20:48 GMT+0700 (SE Asia Standard Time)
      nibh@nuncullamcorper.com,  1-180-457-1157,  Sat Feb 11 2017 13:31:16 GMT+0700 (SE Asia Standard Time),
      undefined, undefined, Sat Feb 11 2017 15:20:48 GMT+0700 (SE Asia Standard Time)
99,  Sarah,  Waters,
      , undefined, Sat Feb 11 2017 15:20:48 GMT+0700 (SE Asia Standard Time)
      nonummy.ac.feugiat@diamSed.com,  1-187-134-2333,  Sat Feb 11 2017 13:31:16 GMT+0700 (SE Asia Standard Time),
      undefined, undefined, Sat Feb 11 2017 15:20:48 GMT+0700 (SE Asia Standard Time)
100,  Bernard,  Price,
      , undefined, Sat Feb 11 2017 15:20:48 GMT+0700 (SE Asia Standard Time)
      tellus@tempordiamdictum.org,  1-373-588-1689,  Sat Feb 11 2017 13:31:16 GMT+0700 (SE Asia Standard Time),
      undefined, undefined, Sat Feb 11 2017 15:20:48 GMT+0700 (SE Asia Standard Time)
101,  Maia,  Estrada,
      , undefined, Sat Feb 11 2017 15:20:48 GMT+0700 (SE Asia Standard Time)
      et.commodo@dictumeu.org,  1-451-794-0013,  Sat Feb 11 2017 13:31:16 GMT+0700 (SE Asia Standard Time),
      undefined, undefined, Sat Feb 11 2017 15:20:48 GMT+0700 (SE Asia Standard Time)
102,  Kimberly,  Banks,
      , undefined, Sat Feb 11 2017 15:20:48 GMT+0700 (SE Asia Standard Time)
      cursus.non@nec.com,  1-703-971-8342,  Sat Feb 11 2017 13:31:16 GMT+0700 (SE Asia Standard Time),
      undefined, undefined, Sat Feb 11 2017 15:20:48 GMT+0700 (SE Asia Standard Time)
103,  Dane,  Rosales,
      , undefined, Sat Feb 11 2017 15:20:48 GMT+0700 (SE Asia Standard Time)
      metus.Aliquam@auctor.edu,  1-994-906-2567,  Sat Feb 11 2017 13:31:16 GMT+0700 (SE Asia Standard Time),
      undefined, undefined, Sat Feb 11 2017 15:20:48 GMT+0700 (SE Asia Standard Time)
104,  Melodie,  Whitehead,
      , undefined, Sat Feb 11 2017 15:20:48 GMT+0700 (SE Asia Standard Time)
      dui.Cras.pellentesque@vulputateposuerevulputate.com,  1-665-590-7281,  Sat Feb 11 2017 13:31:16 GMT+0700 (SE Asia Standard Time),
      undefined, undefined, Sat Feb 11 2017 15:20:48 GMT+0700 (SE Asia Standard Time)
105,  Bethany,  Baird,
      , undefined, Sat Feb 11 2017 15:20:48 GMT+0700 (SE Asia Standard Time)
      est@lobortisauguescelerisque.org,  1-801-168-8287,  Sat Feb 11 2017 13:31:16 GMT+0700 (SE Asia Standard Time),
      undefined, undefined, Sat Feb 11 2017 15:20:48 GMT+0700 (SE Asia Standard Time)
106,  Haviva,  Lane,
      , undefined, Sat Feb 11 2017 15:20:48 GMT+0700 (SE Asia Standard Time)
      ultrices.mauris@ornare.com,  1-634-452-5636,  Sat Feb 11 2017 13:31:16 GMT+0700 (SE Asia Standard Time),
      undefined, undefined, Sat Feb 11 2017 15:20:48 GMT+0700 (SE Asia Standard Time)
107,  Perry,  Day,
      , undefined, Sat Feb 11 2017 15:20:48 GMT+0700 (SE Asia Standard Time)
      arcu.Morbi.sit@lacinia.com,  1-233-161-7064,  Sat Feb 11 2017 13:31:16 GMT+0700 (SE Asia Standard Time),
      undefined, undefined, Sat Feb 11 2017 15:20:48 GMT+0700 (SE Asia Standard Time)
108,  Sheila,  Rollins,
      , undefined, Sat Feb 11 2017 15:20:48 GMT+0700 (SE Asia Standard Time)
      Pellentesque.tincidunt.tempus@Nullaeget.org,  1-850-423-0956,  Sat Feb 11 2017 13:31:16 GMT+0700 (SE Asia Standard Time),
      undefined, undefined, Sat Feb 11 2017 15:20:48 GMT+0700 (SE Asia Standard Time)
109,  Donovan,  Melendez,
      , undefined, Sat Feb 11 2017 15:20:48 GMT+0700 (SE Asia Standard Time)
      vulputate.dui@insodaleselit.edu,  1-842-548-9366,  Sat Feb 11 2017 13:31:16 GMT+0700 (SE Asia Standard Time),
      undefined, undefined, Sat Feb 11 2017 15:20:48 GMT+0700 (SE Asia Standard Time)
110,  Leandra,  Boone,
      , undefined, Sat Feb 11 2017 15:20:48 GMT+0700 (SE Asia Standard Time)
      feugiat.nec.diam@atauctorullamcorper.com,  1-356-341-9774,  Sat Feb 11 2017 13:31:16 GMT+0700 (SE Asia Standard Time),
      undefined, undefined, Sat Feb 11 2017 15:20:48 GMT+0700 (SE Asia Standard Time)
111,  Kaden,  Matthews,
      , undefined, Sat Feb 11 2017 15:20:48 GMT+0700 (SE Asia Standard Time)
      ante@consectetuermauris.ca,  1-906-932-5932,  Sat Feb 11 2017 13:31:16 GMT+0700 (SE Asia Standard Time),
      undefined, undefined, Sat Feb 11 2017 15:20:48 GMT+0700 (SE Asia Standard Time)
112,  Eleanor,  Ewing,
      , undefined, Sat Feb 11 2017 15:20:48 GMT+0700 (SE Asia Standard Time)
      faucibus.leo@Quisquenonummy.edu,  1-853-831-2874,  Sat Feb 11 2017 13:31:16 GMT+0700 (SE Asia Standard Time),
      undefined, undefined, Sat Feb 11 2017 15:20:48 GMT+0700 (SE Asia Standard Time)
113,  Ignatius,  Bruce,
      , undefined, Sat Feb 11 2017 15:20:48 GMT+0700 (SE Asia Standard Time)
      nonummy@cursus.ca,  1-951-554-7873,  Sat Feb 11 2017 13:31:16 GMT+0700 (SE Asia Standard Time),
      undefined, undefined, Sat Feb 11 2017 15:20:48 GMT+0700 (SE Asia Standard Time)
114,  Hillary,  Francis,
      , undefined, Sat Feb 11 2017 15:20:48 GMT+0700 (SE Asia Standard Time)
      vel.faucibus@arcu.edu,  1-931-228-6606,  Sat Feb 11 2017 13:31:16 GMT+0700 (SE Asia Standard Time),
      undefined, undefined, Sat Feb 11 2017 15:20:48 GMT+0700 (SE Asia Standard Time)
115,  Shana,  Barry,
      , undefined, Sat Feb 11 2017 15:20:48 GMT+0700 (SE Asia Standard Time)
      Nunc.commodo.auctor@rhoncusNullamvelit.ca,  1-582-360-6031,  Sat Feb 11 2017 13:31:16 GMT+0700 (SE Asia Standard Time),
      undefined, undefined, Sat Feb 11 2017 15:20:48 GMT+0700 (SE Asia Standard Time)
116,  Nasim,  James,
      , undefined, Sat Feb 11 2017 15:20:48 GMT+0700 (SE Asia Standard Time)
      orci@Curabituregestas.ca,  1-677-247-8286,  Sat Feb 11 2017 13:31:16 GMT+0700 (SE Asia Standard Time),
      undefined, undefined, Sat Feb 11 2017 15:20:48 GMT+0700 (SE Asia Standard Time)
117,  Wallace,  Rogers,
      , undefined, Sat Feb 11 2017 15:20:48 GMT+0700 (SE Asia Standard Time)
      Sed@a.edu,  1-550-263-3284,  Sat Feb 11 2017 13:31:16 GMT+0700 (SE Asia Standard Time),
      undefined, undefined, Sat Feb 11 2017 15:20:48 GMT+0700 (SE Asia Standard Time)
118,  Zephr,  Durham,
      , undefined, Sat Feb 11 2017 15:20:48 GMT+0700 (SE Asia Standard Time)
      et@mattisIntegereu.org,  1-123-942-6496,  Sat Feb 11 2017 13:31:16 GMT+0700 (SE Asia Standard Time),
      undefined, undefined, Sat Feb 11 2017 15:20:48 GMT+0700 (SE Asia Standard Time)
119,  Carla,  Edwards,
      , undefined, Sat Feb 11 2017 15:20:48 GMT+0700 (SE Asia Standard Time)
      id.ante@sitametrisus.edu,  1-165-394-8968,  Sat Feb 11 2017 13:31:16 GMT+0700 (SE Asia Standard Time),
      undefined, undefined, Sat Feb 11 2017 15:20:48 GMT+0700 (SE Asia Standard Time)
120,  Shay,  Lindsey,
      , undefined, Sat Feb 11 2017 15:20:48 GMT+0700 (SE Asia Standard Time)
      Ut.sagittis@velconvallis.ca,  1-630-370-9934,  Sat Feb 11 2017 13:31:16 GMT+0700 (SE Asia Standard Time),
      undefined, undefined, Sat Feb 11 2017 15:20:48 GMT+0700 (SE Asia Standard Time)
121,  Barbara,  Carson,
      , undefined, Sat Feb 11 2017 15:20:48 GMT+0700 (SE Asia Standard Time)
      Morbi.sit@Duis.ca,  1-522-329-1148,  Sat Feb 11 2017 13:31:16 GMT+0700 (SE Asia Standard Time),
      undefined, undefined, Sat Feb 11 2017 15:20:48 GMT+0700 (SE Asia Standard Time)
122,  Leandra,  Briggs,
      , undefined, Sat Feb 11 2017 15:20:48 GMT+0700 (SE Asia Standard Time)
      purus.Duis.elementum@consectetueradipiscingelit.org,  1-976-869-3719,  Sat Feb 11 2017 13:31:16 GMT+0700 (SE Asia Standard Time),
      undefined, undefined, Sat Feb 11 2017 15:20:48 GMT+0700 (SE Asia Standard Time)
123,  Amos,  Ellis,
      , undefined, Sat Feb 11 2017 15:20:48 GMT+0700 (SE Asia Standard Time)
      ac@nequeInornare.edu,  1-171-286-0476,  Sat Feb 11 2017 13:31:16 GMT+0700 (SE Asia Standard Time),
      undefined, undefined, Sat Feb 11 2017 15:20:48 GMT+0700 (SE Asia Standard Time)
124,  Sylvia,  Hernandez,
      , undefined, Sat Feb 11 2017 15:20:48 GMT+0700 (SE Asia Standard Time)
      bibendum.sed.est@nonluctus.edu,  1-319-681-5937,  Sat Feb 11 2017 13:31:16 GMT+0700 (SE Asia Standard Time),
      undefined, undefined, Sat Feb 11 2017 15:20:48 GMT+0700 (SE Asia Standard Time)
125,  Sandra,  Burnett,
      , undefined, Sat Feb 11 2017 15:20:48 GMT+0700 (SE Asia Standard Time)
      ac@vitae.edu,  1-487-424-1198,  Sat Feb 11 2017 13:31:16 GMT+0700 (SE Asia Standard Time),
      undefined, undefined, Sat Feb 11 2017 15:20:48 GMT+0700 (SE Asia Standard Time)
126,  Kimberly,  Espinoza,
      , undefined, Sat Feb 11 2017 15:20:48 GMT+0700 (SE Asia Standard Time)
      enim@Vivamuseuismod.org,  1-126-610-3915,  Sat Feb 11 2017 13:31:16 GMT+0700 (SE Asia Standard Time),
      undefined, undefined, Sat Feb 11 2017 15:20:48 GMT+0700 (SE Asia Standard Time)
127,  Yoshi,  Good,
      , undefined, Sat Feb 11 2017 15:20:48 GMT+0700 (SE Asia Standard Time)
      leo.elementum@NullamnislMaecenas.ca,  1-264-373-0363,  Sat Feb 11 2017 13:31:16 GMT+0700 (SE Asia Standard Time),
      undefined, undefined, Sat Feb 11 2017 15:20:48 GMT+0700 (SE Asia Standard Time)
128,  Teagan,  Burnett,
      , undefined, Sat Feb 11 2017 15:20:48 GMT+0700 (SE Asia Standard Time)
      neque.In.ornare@eget.edu,  1-802-293-7973,  Sat Feb 11 2017 13:31:16 GMT+0700 (SE Asia Standard Time),
      undefined, undefined, Sat Feb 11 2017 15:20:48 GMT+0700 (SE Asia Standard Time)
129,  Barbara,  Kemp,
      , undefined, Sat Feb 11 2017 15:20:48 GMT+0700 (SE Asia Standard Time)
      malesuada.id.erat@porttitorscelerisque.com,  1-917-944-3359,  Sat Feb 11 2017 13:31:16 GMT+0700 (SE Asia Standard Time),
      undefined, undefined, Sat Feb 11 2017 15:20:48 GMT+0700 (SE Asia Standard Time)
130,  Sharon,  Ramsey,
      , undefined, Sat Feb 11 2017 15:20:48 GMT+0700 (SE Asia Standard Time)
      erat.Etiam.vestibulum@commodotincidunt.edu,  1-786-673-9886,  Sat Feb 11 2017 13:31:16 GMT+0700 (SE Asia Standard Time),
      undefined, undefined, Sat Feb 11 2017 15:20:48 GMT+0700 (SE Asia Standard Time)
131,  Stuart,  Lloyd,
      , undefined, Sat Feb 11 2017 15:20:48 GMT+0700 (SE Asia Standard Time)
      montes@Fuscefermentum.edu,  1-565-700-7886,  Sat Feb 11 2017 13:31:16 GMT+0700 (SE Asia Standard Time),
      undefined, undefined, Sat Feb 11 2017 15:20:48 GMT+0700 (SE Asia Standard Time)
132,  Tyler,  Henry,
      , undefined, Sat Feb 11 2017 15:20:48 GMT+0700 (SE Asia Standard Time)
      Praesent.eu@tristique.ca,  1-711-790-3864,  Sat Feb 11 2017 13:31:16 GMT+0700 (SE Asia Standard Time),
      undefined, undefined, Sat Feb 11 2017 15:20:48 GMT+0700 (SE Asia Standard Time)
133,  Carter,  Bolton,
      , undefined, Sat Feb 11 2017 15:20:48 GMT+0700 (SE Asia Standard Time)
      sit.amet@vitaesodales.ca,  1-339-127-6111,  Sat Feb 11 2017 13:31:16 GMT+0700 (SE Asia Standard Time),
      undefined, undefined, Sat Feb 11 2017 15:20:48 GMT+0700 (SE Asia Standard Time)
134,  Graham,  Gonzalez,
      , undefined, Sat Feb 11 2017 15:20:48 GMT+0700 (SE Asia Standard Time)
      sodales.Mauris@at.com,  1-854-240-5612,  Sat Feb 11 2017 13:31:16 GMT+0700 (SE Asia Standard Time),
      undefined, undefined, Sat Feb 11 2017 15:20:48 GMT+0700 (SE Asia Standard Time)
135,  Tate,  Noble,
      , undefined, Sat Feb 11 2017 15:20:48 GMT+0700 (SE Asia Standard Time)
      scelerisque.dui@ipsumdolorsit.org,  1-124-745-9894,  Sat Feb 11 2017 13:31:16 GMT+0700 (SE Asia Standard Time),
      undefined, undefined, Sat Feb 11 2017 15:20:48 GMT+0700 (SE Asia Standard Time)
136,  Zoe,  Barr,
      , undefined, Sat Feb 11 2017 15:20:48 GMT+0700 (SE Asia Standard Time)
      Nullam@arcuacorci.ca,  1-918-579-8663,  Sat Feb 11 2017 13:31:16 GMT+0700 (SE Asia Standard Time),
      undefined, undefined, Sat Feb 11 2017 15:20:48 GMT+0700 (SE Asia Standard Time)
137,  Harper,  Mitchell,
      , undefined, Sat Feb 11 2017 15:20:48 GMT+0700 (SE Asia Standard Time)
      orci.lobortis@Etiambibendumfermentum.com,  1-410-490-8909,  Sat Feb 11 2017 13:31:16 GMT+0700 (SE Asia Standard Time),
      undefined, undefined, Sat Feb 11 2017 15:20:48 GMT+0700 (SE Asia Standard Time)
138,  Fatima,  Stafford,
      , undefined, Sat Feb 11 2017 15:20:48 GMT+0700 (SE Asia Standard Time)
      egestas.a@euplacerateget.ca,  1-459-215-5529,  Sat Feb 11 2017 13:31:16 GMT+0700 (SE Asia Standard Time),
      undefined, undefined, Sat Feb 11 2017 15:20:48 GMT+0700 (SE Asia Standard Time)
139,  Liberty,  Taylor,
      , undefined, Sat Feb 11 2017 15:20:48 GMT+0700 (SE Asia Standard Time)
      aliquet.magna@Suspendisse.edu,  1-671-561-4900,  Sat Feb 11 2017 13:31:16 GMT+0700 (SE Asia Standard Time),
      undefined, undefined, Sat Feb 11 2017 15:20:48 GMT+0700 (SE Asia Standard Time)
140,  Berk,  Sweeney,
      , undefined, Sat Feb 11 2017 15:20:48 GMT+0700 (SE Asia Standard Time)
      aliquam.eu.accumsan@ultricies.ca,  1-555-107-0666,  Sat Feb 11 2017 13:31:16 GMT+0700 (SE Asia Standard Time),
      undefined, undefined, Sat Feb 11 2017 15:20:48 GMT+0700 (SE Asia Standard Time)
141,  Oren,  Zamora,
      , undefined, Sat Feb 11 2017 15:20:48 GMT+0700 (SE Asia Standard Time)
      Proin.ultrices@egetodio.edu,  1-272-572-6814,  Sat Feb 11 2017 13:31:16 GMT+0700 (SE Asia Standard Time),
      undefined, undefined, Sat Feb 11 2017 15:20:48 GMT+0700 (SE Asia Standard Time)
142,  Vera,  Hewitt,
      , undefined, Sat Feb 11 2017 15:20:48 GMT+0700 (SE Asia Standard Time)
      ac.mattis.ornare@nibhAliquamornare.org,  1-932-909-5799,  Sat Feb 11 2017 13:31:16 GMT+0700 (SE Asia Standard Time),
      undefined, undefined, Sat Feb 11 2017 15:20:48 GMT+0700 (SE Asia Standard Time)
143,  Lucian,  Morrison,
      , undefined, Sat Feb 11 2017 15:20:48 GMT+0700 (SE Asia Standard Time)
      convallis@commodotinciduntnibh.ca,  1-460-952-3461,  Sat Feb 11 2017 13:31:16 GMT+0700 (SE Asia Standard Time),
      undefined, undefined, Sat Feb 11 2017 15:20:48 GMT+0700 (SE Asia Standard Time)
144,  Heather,  Langley,
      , undefined, Sat Feb 11 2017 15:20:48 GMT+0700 (SE Asia Standard Time)
      commodo.at@dolorsit.edu,  1-471-951-9180,  Sat Feb 11 2017 13:31:16 GMT+0700 (SE Asia Standard Time),
      undefined, undefined, Sat Feb 11 2017 15:20:48 GMT+0700 (SE Asia Standard Time)
145,  Quamar,  Mckay,
      , undefined, Sat Feb 11 2017 15:20:48 GMT+0700 (SE Asia Standard Time)
      cursus.in.hendrerit@nullaanteiaculis.org,  1-808-355-3908,  Sat Feb 11 2017 13:31:16 GMT+0700 (SE Asia Standard Time),
      undefined, undefined, Sat Feb 11 2017 15:20:48 GMT+0700 (SE Asia Standard Time)
146,  Sandra,  Keller,
      , undefined, Sat Feb 11 2017 15:20:48 GMT+0700 (SE Asia Standard Time)
      vestibulum.massa@turpisNullaaliquet.edu,  1-893-701-7876,  Sat Feb 11 2017 13:31:16 GMT+0700 (SE Asia Standard Time),
      undefined, undefined, Sat Feb 11 2017 15:20:48 GMT+0700 (SE Asia Standard Time)
147,  Ila,  Peterson,
      , undefined, Sat Feb 11 2017 15:20:48 GMT+0700 (SE Asia Standard Time)
      non@eudolor.ca,  1-875-375-0506,  Sat Feb 11 2017 13:31:16 GMT+0700 (SE Asia Standard Time),
      undefined, undefined, Sat Feb 11 2017 15:20:48 GMT+0700 (SE Asia Standard Time)
148,  Lane,  Valencia,
      , undefined, Sat Feb 11 2017 15:20:48 GMT+0700 (SE Asia Standard Time)
      tortor@Duisrisusodio.edu,  1-503-281-8389,  Sat Feb 11 2017 13:31:16 GMT+0700 (SE Asia Standard Time),
      undefined, undefined, Sat Feb 11 2017 15:20:48 GMT+0700 (SE Asia Standard Time)
149,  Hedwig,  Hooper,
      , undefined, Sat Feb 11 2017 15:20:48 GMT+0700 (SE Asia Standard Time)
      Mauris@libero.ca,  1-574-624-2842,  Sat Feb 11 2017 13:31:16 GMT+0700 (SE Asia Standard Time),
      undefined, undefined, Sat Feb 11 2017 15:20:48 GMT+0700 (SE Asia Standard Time)
150,  Lyle,  Calderon,
      , undefined, Sat Feb 11 2017 15:20:48 GMT+0700 (SE Asia Standard Time)
      tellus@hymenaeosMauris.edu,  1-712-640-5847,  Sat Feb 11 2017 13:31:16 GMT+0700 (SE Asia Standard Time),
      undefined, undefined, Sat Feb 11 2017 15:20:48 GMT+0700 (SE Asia Standard Time)
151,  Dahlia,  Rivers,
      , undefined, Sat Feb 11 2017 15:20:48 GMT+0700 (SE Asia Standard Time)
      Cras.pellentesque.Sed@lectus.org,  1-870-154-2255,  Sat Feb 11 2017 13:31:16 GMT+0700 (SE Asia Standard Time),
      undefined, undefined, Sat Feb 11 2017 15:20:48 GMT+0700 (SE Asia Standard Time)
152,  Xerxes,  Christensen,
      , undefined, Sat Feb 11 2017 15:20:48 GMT+0700 (SE Asia Standard Time)
      malesuada.fames.ac@sollicitudincommodoipsum.com,  1-543-128-8466,  Sat Feb 11 2017 13:31:16 GMT+0700 (SE Asia Standard Time),
      undefined, undefined, Sat Feb 11 2017 15:20:48 GMT+0700 (SE Asia Standard Time)
153,  Linda,  Sweeney,
      , undefined, Sat Feb 11 2017 15:20:48 GMT+0700 (SE Asia Standard Time)
      non@idenimCurabitur.edu,  1-856-172-6643,  Sat Feb 11 2017 13:31:16 GMT+0700 (SE Asia Standard Time),
      undefined, undefined, Sat Feb 11 2017 15:20:48 GMT+0700 (SE Asia Standard Time)
154,  Piper,  Green,
      , undefined, Sat Feb 11 2017 15:20:48 GMT+0700 (SE Asia Standard Time)
      semper.rutrum@velpedeblandit.com,  1-991-847-5066,  Sat Feb 11 2017 13:31:16 GMT+0700 (SE Asia Standard Time),
      undefined, undefined, Sat Feb 11 2017 15:20:48 GMT+0700 (SE Asia Standard Time)
155,  Darryl,  Hickman,
      , undefined, Sat Feb 11 2017 15:20:48 GMT+0700 (SE Asia Standard Time)
      luctus.sit@Donec.edu,  1-383-947-2216,  Sat Feb 11 2017 13:31:16 GMT+0700 (SE Asia Standard Time),
      undefined, undefined, Sat Feb 11 2017 15:20:48 GMT+0700 (SE Asia Standard Time)
156,  Ella,  Anthony,
      , undefined, Sat Feb 11 2017 15:20:48 GMT+0700 (SE Asia Standard Time)
      blandit.viverra@metus.ca,  1-886-493-0176,  Sat Feb 11 2017 13:31:16 GMT+0700 (SE Asia Standard Time),
      undefined, undefined, Sat Feb 11 2017 15:20:48 GMT+0700 (SE Asia Standard Time)
157,  Maggie,  Wiggins,
      , undefined, Sat Feb 11 2017 15:20:48 GMT+0700 (SE Asia Standard Time)
      luctus.et.ultrices@eros.edu,  1-208-439-0694,  Sat Feb 11 2017 13:31:16 GMT+0700 (SE Asia Standard Time),
      undefined, undefined, Sat Feb 11 2017 15:20:48 GMT+0700 (SE Asia Standard Time)
158,  Dorothy,  Wooten,
      , undefined, Sat Feb 11 2017 15:20:48 GMT+0700 (SE Asia Standard Time)
      diam.dictum.sapien@ametnullaDonec.ca,  1-351-478-0387,  Sat Feb 11 2017 13:31:16 GMT+0700 (SE Asia Standard Time),
      undefined, undefined, Sat Feb 11 2017 15:20:48 GMT+0700 (SE Asia Standard Time)
159,  Austin,  Burke,
      , undefined, Sat Feb 11 2017 15:20:48 GMT+0700 (SE Asia Standard Time)
      vitae.purus@a.ca,  1-779-739-1699,  Sat Feb 11 2017 13:31:16 GMT+0700 (SE Asia Standard Time),
      undefined, undefined, Sat Feb 11 2017 15:20:48 GMT+0700 (SE Asia Standard Time)
160,  Quentin,  Rowland,
      , undefined, Sat Feb 11 2017 15:20:48 GMT+0700 (SE Asia Standard Time)
      nisi.dictum@cursus.org,  1-485-514-2255,  Sat Feb 11 2017 13:31:16 GMT+0700 (SE Asia Standard Time),
      undefined, undefined, Sat Feb 11 2017 15:20:48 GMT+0700 (SE Asia Standard Time)
161,  Haviva,  Sharp,
      , undefined, Sat Feb 11 2017 15:20:48 GMT+0700 (SE Asia Standard Time)
      velit@sempertellus.com,  1-312-572-3509,  Sat Feb 11 2017 13:31:16 GMT+0700 (SE Asia Standard Time),
      undefined, undefined, Sat Feb 11 2017 15:20:48 GMT+0700 (SE Asia Standard Time)
162,  Ashton,  Boyd,
      , undefined, Sat Feb 11 2017 15:20:48 GMT+0700 (SE Asia Standard Time)
      dolor.Nulla.semper@sodaleselit.com,  1-997-213-8518,  Sat Feb 11 2017 13:31:16 GMT+0700 (SE Asia Standard Time),
      undefined, undefined, Sat Feb 11 2017 15:20:48 GMT+0700 (SE Asia Standard Time)
163,  Walter,  Poole,
      , undefined, Sat Feb 11 2017 15:20:48 GMT+0700 (SE Asia Standard Time)
      auctor.ullamcorper@pharetra.org,  1-547-898-7097,  Sat Feb 11 2017 13:31:16 GMT+0700 (SE Asia Standard Time),
      undefined, undefined, Sat Feb 11 2017 15:20:48 GMT+0700 (SE Asia Standard Time)
164,  Ronan,  Higgins,
      , undefined, Sat Feb 11 2017 15:20:48 GMT+0700 (SE Asia Standard Time)
      gravida.sagittis@purusac.ca,  1-663-425-2128,  Sat Feb 11 2017 13:31:16 GMT+0700 (SE Asia Standard Time),
      undefined, undefined, Sat Feb 11 2017 15:20:48 GMT+0700 (SE Asia Standard Time)
165,  Jenette,  Elliott,
      , undefined, Sat Feb 11 2017 15:20:48 GMT+0700 (SE Asia Standard Time)
      mollis.Phasellus@accumsansedfacilisis.ca,  1-606-405-1996,  Sat Feb 11 2017 13:31:16 GMT+0700 (SE Asia Standard Time),
      undefined, undefined, Sat Feb 11 2017 15:20:48 GMT+0700 (SE Asia Standard Time)
166,  Aquila,  Hammond,
      , undefined, Sat Feb 11 2017 15:20:48 GMT+0700 (SE Asia Standard Time)
      lacus@temporeratneque.com,  1-408-720-5731,  Sat Feb 11 2017 13:31:16 GMT+0700 (SE Asia Standard Time),
      undefined, undefined, Sat Feb 11 2017 15:20:48 GMT+0700 (SE Asia Standard Time)
167,  Rashad,  Bradley,
      , undefined, Sat Feb 11 2017 15:20:48 GMT+0700 (SE Asia Standard Time)
      consectetuer@quamvelsapien.com,  1-138-228-8329,  Sat Feb 11 2017 13:31:16 GMT+0700 (SE Asia Standard Time),
      undefined, undefined, Sat Feb 11 2017 15:20:48 GMT+0700 (SE Asia Standard Time)
168,  Gail,  Craig,
      , undefined, Sat Feb 11 2017 15:20:48 GMT+0700 (SE Asia Standard Time)
      lorem.sit.amet@atrisus.org,  1-416-999-1603,  Sat Feb 11 2017 13:31:16 GMT+0700 (SE Asia Standard Time),
      undefined, undefined, Sat Feb 11 2017 15:20:48 GMT+0700 (SE Asia Standard Time)
169,  Fletcher,  Price,
      , undefined, Sat Feb 11 2017 15:20:48 GMT+0700 (SE Asia Standard Time)
      ullamcorper.Duis@euismodindolor.com,  1-922-755-7975,  Sat Feb 11 2017 13:31:16 GMT+0700 (SE Asia Standard Time),
      undefined, undefined, Sat Feb 11 2017 15:20:48 GMT+0700 (SE Asia Standard Time)
170,  Lance,  Graves,
      , undefined, Sat Feb 11 2017 15:20:48 GMT+0700 (SE Asia Standard Time)
      non.nisi@tortorNunccommodo.org,  1-656-827-1647,  Sat Feb 11 2017 13:31:16 GMT+0700 (SE Asia Standard Time),
      undefined, undefined, Sat Feb 11 2017 15:20:48 GMT+0700 (SE Asia Standard Time)
171,  Courtney,  Delgado,
      , undefined, Sat Feb 11 2017 15:20:48 GMT+0700 (SE Asia Standard Time)
      tortor.Nunc.commodo@elit.ca,  1-954-741-2057,  Sat Feb 11 2017 13:31:16 GMT+0700 (SE Asia Standard Time),
      undefined, undefined, Sat Feb 11 2017 15:20:48 GMT+0700 (SE Asia Standard Time)
172,  Branden,  Estrada,
      , undefined, Sat Feb 11 2017 15:20:48 GMT+0700 (SE Asia Standard Time)
      fermentum.risus@utnisia.com,  1-731-896-6183,  Sat Feb 11 2017 13:31:16 GMT+0700 (SE Asia Standard Time),
      undefined, undefined, Sat Feb 11 2017 15:20:48 GMT+0700 (SE Asia Standard Time)
173,  Summer,  Bates,
      , undefined, Sat Feb 11 2017 15:20:48 GMT+0700 (SE Asia Standard Time)
      egestas.blandit@enimCurabiturmassa.com,  1-635-930-7532,  Sat Feb 11 2017 13:31:16 GMT+0700 (SE Asia Standard Time),
      undefined, undefined, Sat Feb 11 2017 15:20:48 GMT+0700 (SE Asia Standard Time)
174,  Felicia,  Franco,
      , undefined, Sat Feb 11 2017 15:20:48 GMT+0700 (SE Asia Standard Time)
      adipiscing@tristique.ca,  1-866-584-8652,  Sat Feb 11 2017 13:31:16 GMT+0700 (SE Asia Standard Time),
      undefined, undefined, Sat Feb 11 2017 15:20:48 GMT+0700 (SE Asia Standard Time)
175,  Kimberley,  Lang,
      , undefined, Sat Feb 11 2017 15:20:48 GMT+0700 (SE Asia Standard Time)
      at@urna.com,  1-285-839-0723,  Sat Feb 11 2017 13:31:16 GMT+0700 (SE Asia Standard Time),
      undefined, undefined, Sat Feb 11 2017 15:20:48 GMT+0700 (SE Asia Standard Time)
176,  Joy,  Diaz,
      , undefined, Sat Feb 11 2017 15:20:48 GMT+0700 (SE Asia Standard Time)
      enim@Aenean.edu,  1-645-511-7768,  Sat Feb 11 2017 13:31:16 GMT+0700 (SE Asia Standard Time),
      undefined, undefined, Sat Feb 11 2017 15:20:48 GMT+0700 (SE Asia Standard Time)
177,  Libby,  Santos,
      , undefined, Sat Feb 11 2017 15:20:48 GMT+0700 (SE Asia Standard Time)
      risus@Sedegetlacus.org,  1-864-836-2892,  Sat Feb 11 2017 13:31:16 GMT+0700 (SE Asia Standard Time),
      undefined, undefined, Sat Feb 11 2017 15:20:48 GMT+0700 (SE Asia Standard Time)
178,  Elvis,  Bartlett,
      , undefined, Sat Feb 11 2017 15:20:48 GMT+0700 (SE Asia Standard Time)
      Nulla.dignissim.Maecenas@faucibuslectus.ca,  1-250-827-6850,  Sat Feb 11 2017 13:31:16 GMT+0700 (SE Asia Standard Time),
      undefined, undefined, Sat Feb 11 2017 15:20:48 GMT+0700 (SE Asia Standard Time)
179,  Tanisha,  Jenkins,
      , undefined, Sat Feb 11 2017 15:20:48 GMT+0700 (SE Asia Standard Time)
      accumsan@sagittis.ca,  1-216-495-7256,  Sat Feb 11 2017 13:31:16 GMT+0700 (SE Asia Standard Time),
      undefined, undefined, Sat Feb 11 2017 15:20:48 GMT+0700 (SE Asia Standard Time)
180,  Mercedes,  Dyer,
      , undefined, Sat Feb 11 2017 15:20:48 GMT+0700 (SE Asia Standard Time)
      eu@idsapien.org,  1-384-979-9641,  Sat Feb 11 2017 13:31:16 GMT+0700 (SE Asia Standard Time),
      undefined, undefined, Sat Feb 11 2017 15:20:48 GMT+0700 (SE Asia Standard Time)
181,  Blake,  Pacheco,
      , undefined, Sat Feb 11 2017 15:20:48 GMT+0700 (SE Asia Standard Time)
      sed@eleifendnecmalesuada.org,  1-312-148-6107,  Sat Feb 11 2017 13:31:16 GMT+0700 (SE Asia Standard Time),
      undefined, undefined, Sat Feb 11 2017 15:20:48 GMT+0700 (SE Asia Standard Time)
182,  Phillip,  Kaufman,
      , undefined, Sat Feb 11 2017 15:20:48 GMT+0700 (SE Asia Standard Time)
      augue.porttitor@auctorullamcorpernisl.ca,  1-708-662-8898,  Sat Feb 11 2017 13:31:16 GMT+0700 (SE Asia Standard Time),
      undefined, undefined, Sat Feb 11 2017 15:20:48 GMT+0700 (SE Asia Standard Time)
183,  Shaeleigh,  Romero,
      , undefined, Sat Feb 11 2017 15:20:48 GMT+0700 (SE Asia Standard Time)
      blandit@Curabitur.org,  1-165-876-5519,  Sat Feb 11 2017 13:31:16 GMT+0700 (SE Asia Standard Time),
      undefined, undefined, Sat Feb 11 2017 15:20:48 GMT+0700 (SE Asia Standard Time)
184,  Zelda,  Stephens,
      , undefined, Sat Feb 11 2017 15:20:48 GMT+0700 (SE Asia Standard Time)
      purus@enimsit.org,  1-298-178-8668,  Sat Feb 11 2017 13:31:16 GMT+0700 (SE Asia Standard Time),
      undefined, undefined, Sat Feb 11 2017 15:20:48 GMT+0700 (SE Asia Standard Time)
185,  Callum,  Park,
      , undefined, Sat Feb 11 2017 15:20:48 GMT+0700 (SE Asia Standard Time)
      mollis@Donecdignissimmagna.com,  1-640-202-1903,  Sat Feb 11 2017 13:31:16 GMT+0700 (SE Asia Standard Time),
      undefined, undefined, Sat Feb 11 2017 15:20:48 GMT+0700 (SE Asia Standard Time)
186,  Shafira,  Moody,
      , undefined, Sat Feb 11 2017 15:20:48 GMT+0700 (SE Asia Standard Time)
      amet.dapibus.id@bibendumfermentummetus.com,  1-842-608-5255,  Sat Feb 11 2017 13:31:16 GMT+0700 (SE Asia Standard Time),
      undefined, undefined, Sat Feb 11 2017 15:20:48 GMT+0700 (SE Asia Standard Time)
187,  Brenda,  Gould,
      , undefined, Sat Feb 11 2017 15:20:48 GMT+0700 (SE Asia Standard Time)
      magna@Nullaeuneque.org,  1-268-369-6552,  Sat Feb 11 2017 13:31:16 GMT+0700 (SE Asia Standard Time),
      undefined, undefined, Sat Feb 11 2017 15:20:48 GMT+0700 (SE Asia Standard Time)
188,  Amber,  Harper,
      , undefined, Sat Feb 11 2017 15:20:48 GMT+0700 (SE Asia Standard Time)
      Cras.eu.tellus@turpis.org,  1-845-470-9841,  Sat Feb 11 2017 13:31:16 GMT+0700 (SE Asia Standard Time),
      undefined, undefined, Sat Feb 11 2017 15:20:48 GMT+0700 (SE Asia Standard Time)
189,  Haviva,  Harper,
      , undefined, Sat Feb 11 2017 15:20:48 GMT+0700 (SE Asia Standard Time)
      Quisque.tincidunt.pede@justoPraesent.ca,  1-728-473-6876,  Sat Feb 11 2017 13:31:16 GMT+0700 (SE Asia Standard Time),
      undefined, undefined, Sat Feb 11 2017 15:20:48 GMT+0700 (SE Asia Standard Time)
190,  Deirdre,  Wilkins,
      , undefined, Sat Feb 11 2017 15:20:48 GMT+0700 (SE Asia Standard Time)
      posuere@urnanecluctus.com,  1-325-209-3431,  Sat Feb 11 2017 13:31:16 GMT+0700 (SE Asia Standard Time),
      undefined, undefined, Sat Feb 11 2017 15:20:48 GMT+0700 (SE Asia Standard Time)
191,  Ivana,  Stark,
      , undefined, Sat Feb 11 2017 15:20:48 GMT+0700 (SE Asia Standard Time)
      nunc.sed.pede@auctorvitae.edu,  1-174-752-3723,  Sat Feb 11 2017 13:31:16 GMT+0700 (SE Asia Standard Time),
      undefined, undefined, Sat Feb 11 2017 15:20:48 GMT+0700 (SE Asia Standard Time)
192,  Omar,  Bishop,
      , undefined, Sat Feb 11 2017 15:20:48 GMT+0700 (SE Asia Standard Time)
      Nulla.tempor.augue@Nunc.org,  1-506-840-0997,  Sat Feb 11 2017 13:31:16 GMT+0700 (SE Asia Standard Time),
      undefined, undefined, Sat Feb 11 2017 15:20:48 GMT+0700 (SE Asia Standard Time)
193,  Dominique,  Lynch,
      , undefined, Sat Feb 11 2017 15:20:48 GMT+0700 (SE Asia Standard Time)
      turpis.Nulla.aliquet@Fuscemi.ca,  1-301-683-9547,  Sat Feb 11 2017 13:31:16 GMT+0700 (SE Asia Standard Time),
      undefined, undefined, Sat Feb 11 2017 15:20:48 GMT+0700 (SE Asia Standard Time)
194,  Perry,  Pope,
      , undefined, Sat Feb 11 2017 15:20:48 GMT+0700 (SE Asia Standard Time)
      molestie.tortor.nibh@tincidunt.edu,  1-142-231-9667,  Sat Feb 11 2017 13:31:16 GMT+0700 (SE Asia Standard Time),
      undefined, undefined, Sat Feb 11 2017 15:20:48 GMT+0700 (SE Asia Standard Time)
195,  Alika,  Dorsey,
      , undefined, Sat Feb 11 2017 15:20:48 GMT+0700 (SE Asia Standard Time)
      risus@luctusut.edu,  1-203-167-8357,  Sat Feb 11 2017 13:31:16 GMT+0700 (SE Asia Standard Time),
      undefined, undefined, Sat Feb 11 2017 15:20:48 GMT+0700 (SE Asia Standard Time)
196,  Sloane,  Reynolds,
      , undefined, Sat Feb 11 2017 15:20:48 GMT+0700 (SE Asia Standard Time)
      Ut.tincidunt@mollisPhaselluslibero.edu,  1-943-900-6028,  Sat Feb 11 2017 13:31:16 GMT+0700 (SE Asia Standard Time),
      undefined, undefined, Sat Feb 11 2017 15:20:48 GMT+0700 (SE Asia Standard Time)
197,  Abra,  Sanders,
      , undefined, Sat Feb 11 2017 15:20:48 GMT+0700 (SE Asia Standard Time)
      arcu@interdumCurabiturdictum.com,  1-182-827-5052,  Sat Feb 11 2017 13:31:16 GMT+0700 (SE Asia Standard Time),
      undefined, undefined, Sat Feb 11 2017 15:20:48 GMT+0700 (SE Asia Standard Time)
198,  Blaze,  Gould,
      , undefined, Sat Feb 11 2017 15:20:48 GMT+0700 (SE Asia Standard Time)
      lorem@Nullaeu.org,  1-377-980-7889,  Sat Feb 11 2017 13:31:16 GMT+0700 (SE Asia Standard Time),
      undefined, undefined, Sat Feb 11 2017 15:20:48 GMT+0700 (SE Asia Standard Time)
199,  Talon,  Ryan,
      , undefined, Sat Feb 11 2017 15:20:48 GMT+0700 (SE Asia Standard Time)
      condimentum@risusNuncac.org,  1-712-327-5317,  Sat Feb 11 2017 13:31:16 GMT+0700 (SE Asia Standard Time),
      undefined, undefined, Sat Feb 11 2017 15:20:48 GMT+0700 (SE Asia Standard Time)
200,  Merritt,  Joyce,
      , undefined, Sat Feb 11 2017 15:20:48 GMT+0700 (SE Asia Standard Time)
      malesuada.fringilla@elitNullafacilisi.edu,  1-702-580-4785,  Sat Feb 11 2017 13:31:16 GMT+0700 (SE Asia Standard Time),
      undefined, undefined, Sat Feb 11 2017 15:20:48 GMT+0700 (SE Asia Standard Time)
201,  Samuel,  sinaga,
      , undefined, Sat Feb 11 2017 15:20:48 GMT+0700 (SE Asia Standard Time)
      samuel@email.co.id,  822766775542,  Sat Feb 11 2017 13:31:16 GMT+0700 (SE Asia Standard Time),
      undefined, undefined, Sat Feb 11 2017 15:20:48 GMT+0700 (SE Asia Standard Time)
402, Samuel, sinaga,
      samuel@gmail.co.id, 822766775542, Sat Feb 11 2017 15:20:48 GMT+0700 (SE Asia Standard Time)
403, Daniel, agus,
      samuel@gmail.co.id, 822766775542, Sat Feb 11 2017 15:20:48 GMT+0700 (SE Asia Standard Time)